{"chunk_definitions":[{"row":657,"row_count":1,"visible":true,"expansion_state":0,"options":{"engine":"r","label":"unnamed-chunk-6"},"document_id":"B6E7A5B9","chunk_id":"cpwnbrptowtr9","chunk_label":"unnamed-chunk-24"},{"row":722,"row_count":1,"visible":true,"expansion_state":0,"options":{"engine":"r","label":"unnamed-chunk-35"},"document_id":"B6E7A5B9","chunk_id":"c11l2exvxsigy","chunk_label":"unnamed-chunk-26"},{"row":746,"row_count":1,"visible":true,"expansion_state":0,"options":{"engine":"r","label":"unnamed-chunk-44"},"document_id":"B6E7A5B9","chunk_id":"cuhc13xz0ghut","chunk_label":"unnamed-chunk-27"}],"doc_write_time":1673561112,"working_dir":null,"default_chunk_options":{"echo":true}}