"0","CSSI_Zeocin_Window100B %>% filter(CHROM == ""III"") %>% ggplot(aes(x = POS, y = abs(SmoothZ), color = label)) + geom_line() +
  geom_line(data = CSSI_Zeocin_Window100A[CSSI_Zeocin_Window100A$CHROM == ""III"",], aes(x = POS, y = abs(SmoothZ), color = label), linetype = ""dashed"") + 
  facet_grid(~CHROM, scales = ""free"") + ggtitle(""Zeocin B Solid, A Dashed"")
"
"2","Warning:"
"2"," Removed 396 row(s) containing missing values (geom_path).
"
"2","Warning:"
"2"," Removed 396 row(s) containing missing values (geom_path).
"
