"0","#want total cells to be somewhere around 500 in 2 mL"
"0",""
"0","#What would 10% look like?"
"0","growthdf %>% pivot_longer(-c(doublings, hours)) %>% mutate(twenty_percent = 0.2*value) %>%"
"0","  ggplot(., aes(x = hours, y = value, color = name)) + geom_line(size = 1, alpha = 0.4) + "
"0","  geom_hline(yintercept = 2*10^7, linetype = ""dashed"", size = 2) + ylim(0, 5e7)+"
"0","  geom_point(aes(x = hours, y = twenty_percent, color = name)) + ggtitle(""10% of Growth of starting number of cells in 2 mL"")"
"2","Warning:"
"2"," Removed 4 row(s) containing missing values (geom_path).
"
"2","Warning:"
"2"," Removed 1 rows containing missing values (geom_point).
"
