"0","#Exponential growth function: cells * 2^(number of doublings) = final cells"
"0",""
"0","#Start with 100 cells total and 10 doubings"
"0",""
"0","100 * 2^10"
"1","[1]"
"1"," 102400"
"1","
"
"0","#So how many hours per doubling if the double roughly every 90 min?"
"0","1/1.5"
"1","[1]"
"1"," 0.6666667"
"1","
"
"0","#So then how many cells do we have at the end of 24 hours assuming they start doubling immediately?"
"0",""
"0","growthdf <- data.frame(doublings = c(0:16), hours = c(0:16)* (1.5))"
"0","growthdf$Cells_100 <- 100*2^growthdf$doublings"
"0","growthdf$Cells_500 <- 500*2^growthdf$doublings"
"0","growthdf$Cells_1000 <- 1000*2^growthdf$doublings"
"0","growthdf$Cells_5000 <- 5000*2^growthdf$doublings"
"0",""
"0","growthdf %>% pivot_longer(-c(doublings, hours)) %>% ggplot(., aes(x = hours, y = value, color = name)) + geom_line(size = 1, alpha = 0.4) + geom_hline(yintercept = 2*10^7, linetype = ""dashed"", size = 2) + ylim(0, 5e7) + ggtitle(""Growth of starting number of cells in 2 mL"")"
"2","Warning:"
"2"," Removed 4 row(s) containing missing values (geom_path).
"
