"0","knitr::opts_chunk$set(echo = TRUE)"
"0",""
"0","#Load packages"
"0","library(ggplot2)"
"0","library(tidyr)"
"0","library(reshape2)"
"0","library(cowplot)"
"0","library(data.table)"
"0",""
"0","library(dplyr)"
"0","library(foreach)"
"0","library(doParallel)"
"0","library(RColorBrewer)"
"0",""
"0","library(cybrBSA)"
"0",""
"0","ggplot2::theme_set(theme_light())"
"0",""
"0","glmfixed <- function(HOO, HOW, HWO, HWW, LOO, LOW, LWO, LWW){"
"0","  "
"0","  combineddata <- data.frame(Bulk = factor(c(""H"", ""H"",""H"", ""H"", ""L"", ""L"",""L"", ""L"")),"
"0","                           Parent = factor(c(""O"", ""O"", ""W"", ""W"", ""O"", ""O"", ""W"", ""W"")),"
"0","                           Allele = factor(c(""O"", ""W"", ""O"", ""W"",""O"", ""W"", ""O"", ""W"")),"
"0","                           Reads = c(HOO, HOW, HWO, HWW, LOO, LOW, LWO, LWW))"
"0",""
"0","  b <- glm(Allele ~ Bulk*Parent, weights = Reads, family = binomial, "
"0","              data = combineddata)"
"0",""
"0","  summary(b)$coefficients["
"0","    ((length(summary(b)$coefficients)/4)*2+1):"
"0","      ((length(summary(b)$coefficients)/4)*3)]"
"0","}"
"0",""
