"0","knitr::opts_chunk$set(echo = TRUE)"
"0",""
"0","#Load packages"
"0","library(ggplot2)"
"2","Warning:"
"2"," package ‘ggplot2’ was built under R version 4.1.3
"
"0","library(tidyr)"
"2","Warning:"
"2"," package ‘tidyr’ was built under R version 4.1.3
"
"0","library(reshape2)"
"2","
Attaching package: ‘reshape2’

"
"2","The following object is masked from ‘package:tidyr’:

    smiths

"
"0","library(cowplot)"
"0","library(data.table)"
"2","Registered S3 method overwritten by 'data.table':
  method           from
  print.data.table     
"
"2","data.table 1.14.2 using 4 threads (see ?getDTthreads).  Latest news: r-datatable.com
"
"2","
Attaching package: ‘data.table’

"
"2","The following objects are masked from ‘package:reshape2’:

    dcast, melt

"
"0","library(dplyr)"
"2","Warning:"
"2"," package ‘dplyr’ was built under R version 4.1.3
"
"2","
Attaching package: ‘dplyr’

"
"2","The following objects are masked from ‘package:data.table’:

    between, first, last

"
"2","The following objects are masked from ‘package:stats’:

    filter, lag

"
"2","The following objects are masked from ‘package:base’:

    intersect, setdiff, setequal, union

"
"0","library(foreach)"
"0","library(doParallel)"
"2","Warning:"
"2"," package ‘doParallel’ was built under R version 4.1.3
"
"2","Loading required package: iterators
"
"2","Loading required package: parallel
"
"0","library(RColorBrewer)"
"2","Warning:"
"2"," package ‘RColorBrewer’ was built under R version 4.1.3
"
"0","library(cybrBSA)"
"0",""
"0","ggplot2::theme_set(theme_light())"
"0",""
"0","glmfixed <- function(HOO, HOW, HWO, HWW, LOO, LOW, LWO, LWW){"
"0","  "
"0","  combineddata <- data.frame(Bulk = factor(c(""H"", ""H"",""H"", ""H"", ""L"", ""L"",""L"", ""L"")),"
"0","                           Parent = factor(c(""O"", ""O"", ""W"", ""W"", ""O"", ""O"", ""W"", ""W"")),"
"0","                           Allele = factor(c(""O"", ""W"", ""O"", ""W"",""O"", ""W"", ""O"", ""W"")),"
"0","                           Reads = c(HOO, HOW, HWO, HWW, LOO, LOW, LWO, LWW))"
"0",""
"0","  b <- glm(Allele ~ Bulk*Parent, weights = Reads, family = binomial, "
"0","              data = combineddata)"
"0",""
"0","  summary(b)$coefficients["
"0","    ((length(summary(b)$coefficients)/4)*2+1):"
"0","      ((length(summary(b)$coefficients)/4)*3)]"
"0","}"
"0",""
