{"chunk_definitions":[{"row":44,"row_count":1,"visible":true,"expansion_state":0,"options":{"engine":"r","label":"setup","include":false},"document_id":"B6E7A5B9","chunk_id":"csetup_chunk","chunk_label":"setup"},{"row":563,"row_count":1,"visible":true,"expansion_state":0,"options":{"engine":"r","label":"unnamed-chunk-9"},"document_id":"B6E7A5B9","chunk_id":"cbl59atuis1jb","chunk_label":"unnamed-chunk-21"},{"row":583,"row_count":1,"visible":true,"expansion_state":0,"options":{"engine":"r","label":"unnamed-chunk-10"},"document_id":"B6E7A5B9","chunk_id":"cguif5fb3u02j","chunk_label":"unnamed-chunk-22"},{"row":722,"row_count":1,"visible":true,"expansion_state":0,"options":{"engine":"r","label":"unnamed-chunk-35"},"document_id":"B6E7A5B9","chunk_id":"c11l2exvxsigy","chunk_label":"unnamed-chunk-26"},{"row":746,"row_count":1,"visible":true,"expansion_state":0,"options":{"engine":"r","label":"unnamed-chunk-44"},"document_id":"B6E7A5B9","chunk_id":"cuhc13xz0ghut","chunk_label":"unnamed-chunk-27"}],"doc_write_time":1673618400,"working_dir":null,"default_chunk_options":{"echo":true}}