{"chunk_definitions":[{"row":51,"row_count":1,"visible":true,"expansion_state":0,"options":{"engine":"r","label":"setup","include":false},"document_id":"C534EE71","chunk_id":"csetup_chunk","chunk_label":"setup"},{"row":187,"row_count":1,"visible":true,"expansion_state":0,"options":{"engine":"r","eval":false,"label":"unnamed-chunk-87"},"document_id":"C534EE71","chunk_id":"coixn6ce32a0g","chunk_label":"unnamed-chunk-2"}],"doc_write_time":1665002411,"working_dir":null,"default_chunk_options":{"echo":true,"warning":false,"message":false}}