{"chunk_definitions":[{"row":43,"row_count":1,"visible":true,"expansion_state":0,"options":{"engine":"r","label":"setup","include":false},"document_id":"1A73650D","chunk_id":"csetup_chunk","chunk_label":"setup"},{"row":65,"row_count":1,"visible":true,"expansion_state":0,"options":{"engine":"r","label":"unnamed-chunk-15"},"document_id":"1A73650D","chunk_id":"cefixakhxpvpl","chunk_label":"unnamed-chunk-1"},{"row":109,"row_count":1,"visible":true,"expansion_state":0,"options":{"engine":"r","label":"unnamed-chunk-123"},"document_id":"1A73650D","chunk_id":"cl4b05vkz7vq5","chunk_label":"unnamed-chunk-2"},{"row":129,"row_count":1,"visible":true,"expansion_state":0,"options":{"engine":"r","label":"unnamed-chunk-135"},"document_id":"1A73650D","chunk_id":"cpbtwzb6m6nbf","chunk_label":"unnamed-chunk-3"},{"row":164,"row_count":1,"visible":true,"expansion_state":0,"options":{"engine":"r","label":"unnamed-chunk-1"},"document_id":"1A73650D","chunk_id":"cz75x3xtkj76w","chunk_label":"unnamed-chunk-4"},{"row":226,"row_count":1,"visible":true,"expansion_state":0,"options":{"engine":"r","label":"unnamed-chunk-3"},"document_id":"1A73650D","chunk_id":"c7jezcmgg8kb2","chunk_label":"unnamed-chunk-5"},{"row":246,"row_count":1,"visible":true,"expansion_state":0,"options":{"engine":"r","label":"unnamed-chunk-9"},"document_id":"1A73650D","chunk_id":"cwkhyde5yanpx","chunk_label":"unnamed-chunk-6"},{"row":252,"row_count":1,"visible":true,"expansion_state":0,"options":{"engine":"r","label":"unnamed-chunk-10"},"document_id":"1A73650D","chunk_id":"cd1uxaxu89hm0","chunk_label":"unnamed-chunk-7"},{"row":261,"row_count":1,"visible":true,"expansion_state":0,"options":{"engine":"r","label":"unnamed-chunk-24"},"document_id":"1A73650D","chunk_id":"cno049ks2tqtf","chunk_label":"unnamed-chunk-8"},{"row":279,"row_count":1,"visible":true,"expansion_state":0,"options":{"engine":"r","label":"unnamed-chunk-42"},"document_id":"1A73650D","chunk_id":"c2z1k8gr4bif6","chunk_label":"unnamed-chunk-9"},{"row":288,"row_count":1,"visible":true,"expansion_state":0,"options":{"engine":"r","label":"unnamed-chunk-53"},"document_id":"1A73650D","chunk_id":"cy1cgvfsfcwz0","chunk_label":"unnamed-chunk-10"},{"row":437,"row_count":1,"visible":true,"expansion_state":0,"options":{"engine":"r","eval":false,"label":"unnamed-chunk-19"},"document_id":"1A73650D","chunk_id":"cyyqe4mh3hqvx","chunk_label":"unnamed-chunk-11"},{"row":461,"row_count":1,"visible":true,"expansion_state":0,"options":{"engine":"r","label":"unnamed-chunk-17"},"document_id":"1A73650D","chunk_id":"c1m31yrdiprtq","chunk_label":"unnamed-chunk-12"},{"row":488,"row_count":1,"visible":true,"expansion_state":0,"options":{"engine":"r","label":"unnamed-chunk-31"},"document_id":"1A73650D","chunk_id":"c0hv9eh3dolu0","chunk_label":"unnamed-chunk-13"},{"row":496,"row_count":1,"visible":true,"expansion_state":0,"options":{"engine":"r","label":"unnamed-chunk-34"},"document_id":"1A73650D","chunk_id":"ctyphskxl0lcy","chunk_label":"unnamed-chunk-14"},{"row":503,"row_count":1,"visible":true,"expansion_state":0,"options":{"engine":"r","label":"unnamed-chunk-36"},"document_id":"1A73650D","chunk_id":"chhr2h75ujx8e","chunk_label":"unnamed-chunk-15"}],"doc_write_time":1672273937,"working_dir":null,"default_chunk_options":{}}