{"chunk_definitions":[{"row":164,"row_count":1,"visible":true,"expansion_state":0,"options":{"engine":"r","label":"unnamed-chunk-55"},"document_id":"1A73650D","chunk_id":"c7byihoxi9qtg","chunk_label":"unnamed-chunk-4"},{"row":437,"row_count":1,"visible":true,"expansion_state":0,"options":{"engine":"r","eval":false,"label":"unnamed-chunk-56"},"document_id":"1A73650D","chunk_id":"ck31vtm5j1k3q","chunk_label":"unnamed-chunk-11"},{"row":500,"row_count":1,"visible":true,"expansion_state":0,"options":{"engine":"r","label":"unnamed-chunk-9"},"document_id":"1A73650D","chunk_id":"ckwziidalf7lr","chunk_label":"unnamed-chunk-15"},{"row":509,"row_count":1,"visible":true,"expansion_state":0,"options":{"engine":"r","eval":"","label":"unnamed-chunk-11"},"document_id":"1A73650D","chunk_id":"cd3ylpv79yaj7","chunk_label":"unnamed-chunk-16"},{"row":516,"row_count":1,"visible":true,"expansion_state":0,"options":{"engine":"r","label":"unnamed-chunk-15"},"document_id":"1A73650D","chunk_id":"c1j2irdjuzshw","chunk_label":"unnamed-chunk-17"},{"row":543,"row_count":1,"visible":true,"expansion_state":0,"options":{"engine":"r","label":"unnamed-chunk-23"},"document_id":"1A73650D","chunk_id":"cl1rfe58f1tmg","chunk_label":"unnamed-chunk-18"},{"row":558,"row_count":1,"visible":true,"expansion_state":0,"options":{"engine":"r","label":"unnamed-chunk-50"},"document_id":"1A73650D","chunk_id":"c7drsoj81oa6b","chunk_label":"unnamed-chunk-19"},{"row":581,"row_count":1,"visible":true,"expansion_state":0,"options":{"engine":"r","label":"unnamed-chunk-54"},"document_id":"1A73650D","chunk_id":"cw2zx780nxvv9","chunk_label":"unnamed-chunk-20"},{"row":631,"row_count":1,"visible":true,"expansion_state":0,"options":{"engine":"r","label":"unnamed-chunk-182"},"document_id":"1A73650D","chunk_id":"crlgwzmcu887u","chunk_label":"unnamed-chunk-21"}],"doc_write_time":1672864837,"working_dir":null,"default_chunk_options":{"echo":true},"chunk_rendered_width":400}