"0","knitr::opts_chunk$set(echo = TRUE, warning = FALSE, message = FALSE)"
"0",""
"0","#Load packages"
"0","library(tidyr)"
"0","#library(tidyverse)"
"0","library(reshape2)"
"0","library(cowplot)"
"0","library(dplyr)"
"0","library(ggplot2)"
"0","library(foreach)"
"0","library(doParallel)"
"0",""
"0","ggplot2::theme_set(theme_light())"
"0","#ggplot2::theme_set(theme_bw())"
"0",""
"0",""
"0","CBchromPalette <- c(""#F26430"", ""#0A369D"", ""#7EA3CC"",""#FF9F1C"", ""#C14953"",""#92DCE5"", ""#8FC93A"",""#4C4C47"", "
"0","                   ""#F26430"", ""#0A369D"", ""#7EA3CC"",""#FF9F1C"", ""#C14953"",""#92DCE5"", ""#8FC93A"",""#4C4C47"","
"0","                  ""#F26430"", ""#0A369D"", ""#7EA3CC"")"
"0",""
"0",""
"0","library(""QTLseqr"")"
"0",""
"0","ChromKey <- data.frame(chromosomes = c(""I"", ""II"", ""III"", ""IV"", ""V"", ""VI"", ""VII"", ""VIII"", "
"0","                                       ""IX"", ""X"", ""XI"", ""XII"", ""XIII"", ""XIV"", ""XV"", ""XVI"", ""M""), "
"0","                       CHROM = c(""NC_001133.9"", ""NC_001134.8"", ""NC_001135.5"", ""NC_001136.10"", "
"0","                                 ""NC_001137.3"", ""NC_001138.5"", ""NC_001139.9"", ""NC_001140.6"", "
"0","                                 ""NC_001141.2"", ""NC_001142.9"", ""NC_001143.9"", ""NC_001144.5"", "
"0","                                 ""NC_001145.3"", ""NC_001146.8"", ""NC_001147.6"", ""NC_001148.4"", ""NC_001224.1""))"
"0",""
"0","setwd(""C:/Users/cassa/OneDrive/Documents/GitHub/Sequencing/Analysis"")"
"0","# load(""RdataFiles/SAUA_4-13-22.Rdata"")"
"0","# load(""RdataFiles/SCUC_4-13-22.Rdata"")"
"0","# load(""RdataFiles/bsa_glm_results.Rdata"")"
"0",""
"0","#rawData = ""HGV.SortedCat.vcf.output.table"""
"0","rawData = ""HGVMVDRX2.SortedCat.vcf.output.table"""
"0",""
"0","load(""RdataFiles/CSSI_Fluc_concat.Rdata"")"
"0",""
