{"chunk_definitions":[{"row":44,"row_count":1,"visible":true,"expansion_state":0,"options":{"engine":"r","label":"setup","include":false},"document_id":"B6E7A5B9","chunk_id":"csetup_chunk","chunk_label":"setup"},{"row":134,"row_count":1,"visible":true,"expansion_state":0,"options":{"engine":"r","label":"unnamed-chunk-56"},"document_id":"B6E7A5B9","chunk_id":"c1uw8z1df5ugy","chunk_label":"unnamed-chunk-3"},{"row":527,"row_count":1,"visible":true,"expansion_state":0,"options":{"engine":"r","label":"unnamed-chunk-59"},"document_id":"B6E7A5B9","chunk_id":"c5h1r18pibo5w","chunk_label":"unnamed-chunk-17"},{"row":534,"row_count":1,"visible":true,"expansion_state":0,"options":{"engine":"r","label":"unnamed-chunk-66"},"document_id":"B6E7A5B9","chunk_id":"c4jz9c0eacf5r","chunk_label":"unnamed-chunk-18"},{"row":540,"row_count":1,"visible":true,"expansion_state":0,"options":{"engine":"r","label":"unnamed-chunk-68"},"document_id":"B6E7A5B9","chunk_id":"cw4hilne9sd7z","chunk_label":"unnamed-chunk-19"},{"row":553,"row_count":1,"visible":true,"expansion_state":0,"options":{"engine":"r","label":"unnamed-chunk-80"},"document_id":"B6E7A5B9","chunk_id":"cavsjhkju9kka","chunk_label":"unnamed-chunk-20"},{"row":563,"row_count":1,"visible":true,"expansion_state":0,"options":{"engine":"r","label":"unnamed-chunk-2"},"document_id":"B6E7A5B9","chunk_id":"cet9x2rjpt64y","chunk_label":"unnamed-chunk-21"},{"row":643,"row_count":1,"visible":true,"expansion_state":0,"options":{"engine":"r","label":"unnamed-chunk-1"},"document_id":"B6E7A5B9","chunk_id":"c95m7hmq9y13e","chunk_label":"unnamed-chunk-24"},{"row":669,"row_count":1,"visible":true,"expansion_state":0,"options":{"engine":"r","label":"unnamed-chunk-16"},"document_id":"B6E7A5B9","chunk_id":"cit81kuq5ykd9","chunk_label":"unnamed-chunk-25"}],"doc_write_time":1673490655,"working_dir":null,"default_chunk_options":{"echo":true},"chunk_rendered_width":700}